CustomerID,CustomerName,Segment
NK-18490,Neil Knudson,Home Office
TM-21010,Tamara Manning,Consumer
LS-16975,Lindsay Shagiari,Home Office
KM-16660,Khloe Miller,Consumer
SS-20590,Sonia Sunley,Consumer
MG-17890,Michael Granlund,Home Office
RM-19375,Raymond Messe,Consumer
XP-21865,Xylona Preis,Consumer
AH-10075,Adam Hart,Corporate
CS-12400,Christopher Schild,Home Office
JF-15490,Jeremy Farry,Consumer
KD-16495,Keith Dawkins,Corporate
JW-15955,Joni Wasserman,Consumer
CM-12385,Christopher Martinez,Consumer
SS-20410,Shahid Shariari,Consumer
VF-21715,Vicky Freymann,Home Office
FH-14275,Frank Hawley,Corporate
KT-16480,Kean Thornton,Consumer
RF-19735,Roland Fjeld,Consumer
GH-14410,Gary Hansen,Home Office
FM-14290,Frank Merwin,Home Office
MM-17920,Michael Moore,Consumer
AJ-10780,Anthony Jacobs,Corporate
TH-21235,Tiffany House,Corporate
SC-20695,Steve Chapman,Corporate
PF-19165,Philip Fox,Consumer
DK-12835,Damala Kotsonis,Corporate
CY-12745,Craig Yedwab,Corporate
MY-18295,Muhammed Yedwab,Corporate
CS-12460,Chuck Sachs,Consumer
SS-20875,Sung Shariari,Consumer
DL-13495,Dionis Lloyd,Corporate
TB-21625,Trudy Brown,Consumer
DK-13225,Dean Katz,Corporate
KB-16315,Karl Braun,Consumer
FM-14380,Fred McMath,Consumer
AB-10105,Adrian Barton,Consumer
JK-16120,Julie Kriz,Home Office
JE-16165,Justin Ellison,Corporate
CA-12310,Christine Abelman,Corporate
BD-11725,Bruce Degenhardt,Consumer
NC-18625,Noah Childs,Corporate
MA-17560,Matt Abelman,Home Office
MC-17845,Michael Chen,Consumer
ML-17755,Max Ludwig,Home Office
NZ-18565,Nick Zandusky,Home Office
SV-20935,Susan Vittorini,Consumer
AB-10060,Adam Bellavance,Home Office
TH-21550,Tracy Hopkins,Home Office
NF-18475,Neil Französisch,Home Office
SH-20395,Shahid Hopkins,Consumer
BF-10975,Barbara Fisher,Corporate
QJ-19255,Quincy Jones,Corporate
JO-15550,Jesus Ocampo,Home Office
AP-10720,Anne Pryor,Home Office
SG-20080,Sandra Glassco,Consumer
DL-12865,Dan Lawera,Consumer
HE-14800,Harold Engle,Corporate
MZ-17335,Maria Zettner,Home Office
HR-14770,Hallie Redmond,Home Office
AA-10375,Allen Armold,Consumer
RW-19630,Rob Williams,Corporate
MS-17710,Maurice Satty,Consumer
CD-12790,Cynthia Delaney,Home Office
EH-13945,Eric Hoffmann,Consumer
BC-11125,Becky Castell,Home Office
VB-21745,Victoria Brennan,Corporate
RW-19690,Robert Waldorf,Consumer
GW-14605,Giulietta Weimer,Consumer
TS-21370,Todd Sumrall,Corporate
CD-12280,Christina DeMoss,Consumer
EM-13825,Elizabeth Moffitt,Corporate
CC-12220,Chris Cortes,Consumer
BB-10990,Barry Blumstein,Corporate
GM-14500,Gene McClure,Consumer
BF-11005,Barry Franz,Home Office
BP-11230,Benjamin Patterson,Consumer
DJ-13630,Doug Jacobs,Consumer
LC-16870,Lena Cacioppo,Consumer
AP-10915,Arthur Prichep,Consumer
NC-18340,Nat Carroll,Consumer
CC-12145,Charles Crestani,Consumer
VM-21685,Valerie Mitchum,Home Office
SG-20605,Speros Goranitis,Consumer
BM-11650,Brian Moss,Corporate
IL-15100,Ivan Liston,Consumer
SL-20155,Sara Luxemburg,Home Office
DB-12970,Darren Budd,Corporate
TW-21025,Tamara Willingham,Home Office
LH-17155,Logan Haushalter,Consumer
CS-12250,Chris Selesnick,Corporate
JW-15220,Jane Waco,Corporate
ME-17320,Maria Etezadi,Home Office
KM-16720,Kunst Miller,Consumer
MS-17530,MaryBeth Skach,Consumer
AI-10855,Arianne Irving,Consumer
EH-13990,Erica Hackney,Consumer
AH-10210,Alan Hwang,Consumer
CS-12490,Cindy Schnelling,Corporate
BS-11365,Bill Shonely,Corporate
CC-12430,Chuck Clark,Home Office
AR-10825,Anthony Rawles,Corporate
Co-12640,Corey-Lock,Consumer
MH-17440,Mark Haberlin,Corporate
PP-18955,Paul Prost,Home Office
DP-13390,Dennis Pardue,Home Office
MH-18115,Mick Hernandez,Home Office
SP-20920,Susan Pistek,Consumer
IM-15070,Irene Maddox,Consumer
RS-19870,Roy Skaria,Home Office
SF-20200,Sarah Foster,Consumer
DB-13555,Dorothy Badders,Corporate
DB-13405,Denny Blanton,Consumer
SG-20470,Sheri Gordon,Consumer
MM-18280,Muhammed MacIntyre,Corporate
MS-17770,Maxwell Schwartz,Consumer
EM-14200,Evan Minnotte,Home Office
CK-12325,Christine Kargatis,Home Office
KC-16540,Kelly Collister,Consumer
SJ-20125,Sanjit Jacobs,Home Office
AA-10480,Andrew Allen,Consumer
AS-10240,Alan Shonely,Consumer
BV-11245,Benjamin Venier,Corporate
CS-12175,Charles Sheldon,Corporate
JF-15190,Jamie Frazer,Consumer
MT-17815,Meg Tillman,Consumer
SN-20560,Skye Norling,Home Office
DV-13045,Darrin Van Huff,Corporate
CB-12025,Cassandra Brandow,Consumer
BS-11590,Brendan Sweed,Corporate
VG-21790,Vivek Gonzalez,Consumer
JS-16030,Joy Smith,Consumer
VM-21835,Vivian Mathis,Consumer
JH-15985,Joseph Holt,Consumer
DC-12850,Dan Campbell,Consumer
CS-12355,Christine Sundaresam,Consumer
SV-20365,Seth Vernon,Consumer
ZC-21910,Zuschuss Carroll,Consumer
JA-15970,Joseph Airdo,Consumer
VW-21775,Victoria Wilson,Corporate
KH-16330,Katharine Harms,Corporate
MK-18160,Mike Kennedy,Consumer
LL-16840,Lauren Leatherbury,Consumer
Dp-13240,Dean percer,Home Office
KH-16510,Keith Herrera,Consumer
LS-16945,Linda Southworth,Corporate
TP-21130,Theone Pippenger,Consumer
GT-14710,Greg Tran,Consumer
PA-19060,Pete Armstrong,Home Office
DP-13105,Dave Poirier,Corporate
TZ-21580,Tracy Zic,Consumer
KM-16375,Katherine Murray,Home Office
RD-19585,Rob Dowd,Consumer
BD-11500,Bradley Drucker,Consumer
SW-20350,Sean Wendt,Home Office
TB-21175,Thomas Boland,Corporate
BN-11470,Brad Norvell,Corporate
GA-14725,Guy Armstrong,Consumer
TB-21055,Ted Butterfield,Consumer
RD-19900,Ruben Dartt,Consumer
JF-15565,Jill Fjeld,Consumer
GA-14515,George Ashbrook,Consumer
KB-16405,Katrina Bavinger,Home Office
KW-16435,Katrina Willman,Consumer
KN-16705,Kristina Nunn,Home Office
EM-14140,Eugene Moren,Home Office
BG-11035,Barry Gonzalez,Consumer
DS-13030,Darrin Sayre,Home Office
CP-12085,Cathy Prescott,Corporate
NP-18700,Nora Preis,Consumer
NM-18520,Neoma Murray,Consumer
JL-15835,John Lee,Consumer
TT-21460,Tonja Turnell,Home Office
PW-19030,Pauline Webber,Corporate
MY-17380,Maribeth Yedwab,Corporate
PK-19075,Pete Kriz,Consumer
KC-16255,Karen Carlisle,Corporate
DM-13345,Denise Monton,Corporate
LB-16795,Laurel Beltran,Home Office
MS-17365,Maribeth Schnelling,Consumer
SN-20710,Steve Nguyen,Home Office
BN-11515,Bradley Nguyen,Consumer
MC-17275,Marc Crier,Consumer
LC-17140,Logan Currie,Consumer
TB-21400,Tom Boeckenhauer,Consumer
BO-11425,Bobby Odegard,Consumer
CA-12775,Cynthia Arntzen,Consumer
NP-18325,Naresj Patel,Consumer
SP-20860,Sung Pak,Corporate
JO-15280,Jas O'Carroll,Consumer
DB-12910,Daniel Byrd,Home Office
TB-21190,Thomas Brumley,Home Office
EH-14125,Eugene Hildebrand,Home Office
JM-15655,Jim Mitchum,Corporate
KH-16360,Katherine Hughes,Consumer
EG-13900,Emily Grady,Consumer
RF-19840,Roy Französisch,Consumer
AW-10840,Anthony Witt,Consumer
JD-15895,Jonathan Doherty,Corporate
AC-10615,Ann Chong,Corporate
MC-17635,Matthew Clasen,Corporate
DO-13645,Doug O'Connell,Consumer
JP-16135,Julie Prescott,Home Office
PF-19120,Peter Fuller,Consumer
MM-18055,Michelle Moray,Consumer
LC-17050,Liz Carlisle,Consumer
CA-12265,Christina Anderson,Consumer
CB-12535,Claudia Bergmann,Corporate
SC-20680,Steve Carroll,Home Office
SC-20260,Scott Cohen,Corporate
AG-10675,Anna Gayman,Consumer
AS-10090,Adam Shillingsburg,Consumer
FO-14305,Frank Olsen,Consumer
SM-20950,Suzanne McNair,Corporate
FA-14230,Frank Atkinson,Corporate
CA-11965,Carol Adams,Corporate
JC-15775,John Castell,Consumer
TG-21640,Trudy Glocke,Consumer
MC-18130,Mike Caudle,Corporate
RP-19390,Resi Pölking,Consumer
MK-17905,Michael Kennedy,Corporate
CM-12445,Chuck Magee,Consumer
DH-13675,Duane Huffman,Home Office
RR-19315,Ralph Ritter,Consumer
BD-11770,Bryan Davis,Consumer
NB-18655,Nona Balk,Corporate
PS-18760,Pamela Stobb,Consumer
HM-14860,Harry Marie,Corporate
JK-15205,Jamie Kunitz,Consumer
TM-21490,Tony Molinari,Consumer
MH-17620,Matt Hagelstein,Corporate
DK-12895,Dana Kaydos,Consumer
JH-15820,John Huston,Consumer
HR-14830,Harold Ryan,Corporate
SC-20095,Sanjit Chand,Consumer
BD-11320,Bill Donatelli,Consumer
DK-13375,Dennis Kane,Consumer
JD-16060,Julia Dunbar,Consumer
HA-14920,Helen Andreada,Consumer
AA-10645,Anna Andreadi,Consumer
BP-11155,Becky Pak,Consumer
CP-12340,Christine Phan,Corporate
AH-10030,Aaron Hawkins,Corporate
MF-17665,Maureen Fritzler,Corporate
DH-13075,Dave Hallsten,Corporate
TS-21430,Tom Stivers,Corporate
CT-11995,Carol Triggs,Consumer
SB-20185,Sarah Brown,Consumer
PS-19045,Penelope Sewall,Home Office
MA-17995,Michelle Arnett,Home Office
FW-14395,Fred Wasserman,Corporate
CK-12595,Clytie Kelty,Consumer
DM-13015,Darrin Martin,Consumer
JK-15640,Jim Kriz,Home Office
HZ-14950,Henia Zydlo,Consumer
DL-12925,Daniel Lacy,Consumer
SP-20620,Stefania Perrino,Corporate
RW-19540,Rick Wilson,Corporate
HG-14965,Henry Goldwyn,Corporate
BB-11545,Brenda Bowman,Corporate
ND-18370,Natalie DeCherney,Consumer
CL-12700,Craig Leslie,Home Office
HH-15010,Hilary Holden,Corporate
DB-13120,David Bremer,Corporate
CV-12295,Christina VanderZanden,Consumer
MC-18100,Mick Crebagga,Consumer
ML-17410,Maris LaWare,Consumer
GH-14425,Gary Hwang,Consumer
MH-18025,Michelle Huthwaite,Consumer
ML-17395,Marina Lichtenstein,Corporate
DA-13450,Dianna Arnett,Home Office
TB-21280,Toby Braunhardt,Consumer
EA-14035,Erin Ashbrook,Corporate
BS-11800,Bryan Spruell,Home Office
CV-12805,Cynthia Voltz,Corporate
KS-16300,Karen Seio,Corporate
TR-21325,Toby Ritter,Consumer
DB-13660,Duane Benoit,Consumer
PF-19225,Phillip Flathmann,Consumer
KL-16645,Ken Lonsdale,Consumer
TC-21295,Toby Carlisle,Consumer
HL-15040,Hunter Lopez,Consumer
FH-14350,Fred Harton,Consumer
EP-13915,Emily Phan,Consumer
ES-14020,Erica Smith,Consumer
MC-17575,Matt Collins,Consumer
GR-14560,Georgia Rosenberg,Corporate
RB-19645,Robert Barroso,Corporate
SM-20320,Sean Miller,Home Office
PS-18970,Paul Stevenson,Home Office
DM-13525,Don Miller,Corporate
DS-13180,David Smith,Corporate
AM-10705,Anne McFarland,Consumer
BF-11170,Ben Ferrer,Home Office
LW-17125,Liz Willingham,Consumer
CC-12475,Cindy Chapman,Consumer
AJ-10795,Anthony Johnson,Corporate
MV-18190,Mike Vittorini,Consumer
SE-20110,Sanjit Engle,Consumer
HW-14935,Helen Wasserman,Corporate
RA-19285,Ralph Arnett,Consumer
CM-12235,Chris McAfee,Consumer
NF-18595,Nicole Fjeld,Home Office
JL-15235,Janet Lee,Consumer
AT-10435,Alyssa Tate,Home Office
KE-16420,Katrina Edelman,Corporate
RB-19435,Richard Bierner,Consumer
VG-21805,Vivek Grady,Corporate
EM-14095,Eudokia Martin,Corporate
RA-19885,Ruben Ausman,Corporate
RM-19675,Robert Marley,Home Office
SM-20005,Sally Matthias,Consumer
MZ-17515,Mary Zewe,Corporate
AA-10315,Alex Avila,Consumer
JF-15355,Jay Fein,Consumer
JC-16105,Julie Creighton,Corporate
JF-15415,Jennifer Ferguson,Consumer
WB-21850,William Brown,Consumer
SV-20815,Stuart Van,Corporate
JF-15295,Jason Fortune-,Consumer
CS-11845,Cari Sayre,Corporate
NP-18670,Nora Paige,Consumer
CG-12040,Catherine Glotzbach,Home Office
DP-13000,Darren Powers,Consumer
BP-11095,Bart Pistole,Corporate
GD-14590,Giulietta Dortch,Corporate
BO-11350,Bill Overfelt,Corporate
SS-20140,Saphhira Shifley,Corporate
AD-10180,Alan Dominguez,Home Office
RD-19720,Roger Demir,Consumer
PO-19180,Philisse Overcash,Home Office
FH-14365,Fred Hopkins,Corporate
DK-13090,Dave Kipp,Consumer
EM-13960,Eric Murdock,Consumer
EH-13765,Edward Hooks,Corporate
MH-17290,Marc Harrigan,Home Office
HF-14995,Herbert Flentye,Consumer
TS-21160,Theresa Swint,Corporate
KF-16285,Karen Ferguson,Home Office
RP-19270,Rachel Payne,Corporate
TP-21415,Tom Prescott,Consumer
GM-14695,Greg Maxwell,Corporate
GT-14755,Guy Thornton,Consumer
NC-18415,Nathan Cano,Consumer
KB-16585,Ken Black,Corporate
DW-13585,Dorothy Wardle,Corporate
RH-19510,Rick Huthwaite,Home Office
GB-14575,Giulietta Baptist,Consumer
SR-20740,Steven Roelle,Home Office
KA-16525,Kelly Andreada,Consumer
SC-20230,Scot Coram,Corporate
BM-11575,Brendan Murry,Corporate
AG-10330,Alex Grayson,Consumer
FM-14215,Filia McAdams,Corporate
PB-19105,Peter Bühler,Consumer
TH-21115,Thea Hudgings,Corporate
RS-19420,Ricardo Sperren,Corporate
LW-17215,Luke Weiss,Consumer
MJ-17740,Max Jones,Consumer
CD-11920,Carlos Daly,Consumer
KH-16690,Kristen Hastings,Corporate
PV-18985,Paul Van Hugh,Home Office
SC-20725,Steven Cartwright,Consumer
TT-21070,Ted Trevino,Consumer
FP-14320,Frank Preis,Consumer
KN-16390,Katherine Nockton,Corporate
CK-12760,Cyma Kinney,Corporate
RM-19750,Roland Murray,Consumer
KD-16270,Karen Daniels,Consumer
JP-15460,Jennifer Patt,Corporate
AS-10630,Ann Steele,Home Office
BM-11785,Bryan Mills,Consumer
RB-19465,Rick Bensley,Home Office
AS-10135,Adrian Shami,Home Office
JM-16195,Justin MacKendrick,Consumer
FG-14260,Frank Gastineau,Home Office
TC-21535,Tracy Collins,Home Office
PC-19000,Pauline Chand,Home Office
RR-19525,Rick Reed,Corporate
CM-11815,Candace McMahon,Corporate
SW-20275,Scott Williamson,Consumer
AB-10600,Ann Blume,Corporate
KM-16225,Kalyca Meade,Corporate
BT-11440,Bobby Trafton,Consumer
DV-13465,Dianna Vittorini,Consumer
TA-21385,Tom Ashbrook,Home Office
SB-20290,Sean Braxton,Corporate
CS-11950,Carlos Soltero,Consumer
JJ-15445,Jennifer Jackson,Consumer
EH-14005,Erica Hernandez,Home Office
AG-10525,Andy Gerbode,Corporate
BK-11260,Berenike Kampe,Consumer
AG-10900,Arthur Gainer,Consumer
CW-11905,Carl Weiss,Home Office
BW-11065,Barry Weirich,Consumer
RB-19360,Raymond Buch,Consumer
TB-21250,Tim Brockman,Consumer
KB-16600,Ken Brennan,Corporate
JC-15340,Jasper Cacioppo,Consumer
TT-21220,Thomas Thornton,Consumer
DW-13480,Dianna Wilson,Home Office
RO-19780,Rose O'Brian,Consumer
AR-10345,Alex Russell,Corporate
LP-17095,Liz Preis,Consumer
LM-17065,Liz MacKendrick,Consumer
MF-18250,Monica Federle,Corporate
DR-12940,Daniel Raglin,Home Office
SU-20665,Stephanie Ulpright,Home Office
TN-21040,Tanja Norvell,Home Office
AW-10930,Arthur Wiediger,Home Office
RB-19795,Ross Baird,Home Office
AM-10360,Alice McCarthy,Corporate
AB-10255,Alejandro Ballentine,Home Office
MW-18220,Mitch Webber,Consumer
EB-14110,Eugene Barchas,Consumer
JM-15535,Jessica Myrick,Consumer
SV-20785,Stewart Visinsky,Consumer
AG-10765,Anthony Garverick,Home Office
GP-14740,Guy Phonely,Corporate
PG-18820,Patrick Gardner,Consumer
PW-19240,Pierre Wener,Consumer
MB-18085,Mick Brown,Consumer
BF-11080,Bart Folk,Consumer
AJ-10960,Astrea Jones,Consumer
BG-11695,Brooke Gillingham,Corporate
ST-20530,Shui Tom,Consumer
SD-20485,Shirley Daniels,Home Office
CL-11890,Carl Ludwig,Consumer
SP-20545,Sibella Parks,Corporate
ME-17725,Max Engle,Consumer
GB-14530,George Bell,Corporate
AG-10270,Alejandro Grove,Consumer
GG-14650,Greg Guthrie,Corporate
GT-14635,Grant Thornton,Corporate
JE-15610,Jim Epp,Corporate
HG-15025,Hunter Glantz,Consumer
NF-18385,Natalie Fritzler,Consumer
CM-12115,Chad McGuire,Consumer
JB-16000,Joy Bell-,Consumer
BD-11560,Brendan Dodson,Home Office
TS-21610,Troy Staebel,Consumer
KC-16675,Kimberly Carter,Corporate
AB-10150,Aimee Bixby,Consumer
DL-13330,Denise Leinenbach,Consumer
LC-16885,Lena Creighton,Consumer
NG-18355,Nat Gilpin,Corporate
JL-15505,Jeremy Lonsdale,Consumer
ED-13885,Emily Ducich,Home Office
CS-12505,Cindy Stewart,Consumer
SC-20020,Sam Craven,Consumer
JB-16045,Julia Barnett,Home Office
MV-17485,Mark Van Huff,Consumer
SS-20515,Shirley Schmidt,Home Office
LS-17230,Lycoris Saunders,Consumer
SW-20245,Scot Wooten,Consumer
NC-18535,Nick Crebassa,Corporate
EB-13840,Ellis Ballard,Corporate
GM-14680,Greg Matthias,Consumer
BD-11605,Brian Dahlen,Consumer
SF-20065,Sandra Flanagan,Consumer
LR-17035,Lisa Ryan,Corporate
SH-19975,Sally Hughsby,Corporate
DJ-13510,Don Jones,Corporate
OT-18730,Olvera Toch,Consumer
AB-10165,Alan Barnes,Consumer
LC-16930,Linda Cazamias,Corporate
VD-21670,Valerie Dominguez,Consumer
PO-19195,Phillina Ober,Home Office
RC-19825,Roy Collins,Consumer
CC-12670,Craig Carreira,Consumer
NL-18310,Nancy Lomonaco,Home Office
NP-18685,Nora Pelletier,Home Office
AZ-10750,Annie Zypern,Consumer
KD-16345,Katherine Ducich,Consumer
AR-10540,Andy Reiter,Consumer
EN-13780,Edward Nazzal,Consumer
AH-10465,Amy Hunt,Consumer
DB-13210,Dean Braden,Consumer
CM-12655,Corinna Mitchell,Home Office
LS-17200,Luke Schmidt,Corporate
EH-14185,Evan Henry,Consumer
RL-19615,Rob Lucas,Consumer
BD-11635,Brian Derr,Consumer
PG-18895,Paul Gonzalez,Consumer
LS-17245,Lynn Smith,Consumer
FC-14245,Frank Carlisle,Home Office
BT-11680,Brian Thompson,Consumer
JM-15580,Jill Matthias,Consumer
JK-15325,Jason Klamczynski,Corporate
PJ-18835,Patrick Jones,Corporate
Dl-13600,Dorris liebe,Corporate
NM-18445,Nathan Mautz,Home Office
CC-12370,Christopher Conant,Consumer
RA-19915,Russell Applegate,Consumer
TD-20995,Tamara Dahlen,Consumer
DC-13285,Debra Catini,Consumer
SZ-20035,Sam Zeldin,Home Office
PB-19150,Philip Brown,Consumer
JD-16150,Justin Deggeller,Corporate
CR-12820,Cyra Reiten,Home Office
AR-10570,Anemone Ratner,Consumer
RD-19480,Rick Duston,Consumer
EB-13750,Edward Becker,Corporate
EM-13810,Eleni McCrary,Corporate
DO-13435,Denny Ordway,Consumer
LW-16990,Lindsay Williams,Corporate
AS-10225,Alan Schoenberger,Corporate
MG-17650,Matthew Grinstein,Home Office
JG-15160,James Galang,Consumer
AB-10015,Aaron Bergman,Consumer
AH-10690,Anna Häberlin,Corporate
EB-13930,Eric Barreto,Consumer
HG-14845,Harry Greene,Consumer
AC-10450,Amy Cox,Consumer
AT-10735,Annie Thurman,Consumer
JG-15805,John Grady,Corporate
AR-10510,Andrew Roberts,Consumer
BE-11455,Brad Eason,Home Office
BP-11185,Ben Peterman,Corporate
MB-17305,Maria Bertelson,Consumer
MD-17860,Michael Dominguez,Corporate
SC-20050,Sample Company A,Home Office
AY-10555,Andy Yotov,Corporate
LD-17005,Lisa DeCherney,Consumer
JM-15265,Janet Molinari,Corporate
EJ-13720,Ed Jacobs,Consumer
JJ-15760,Joel Jenkins,Home Office
RH-19600,Rob Haberlin,Consumer
HA-14905,Helen Abelman,Consumer
RH-19495,Rick Hansen,Consumer
SA-20830,Sue Ann Reed,Consumer
DG-13300,Deirdre Greer,Corporate
KH-16630,Ken Heidel,Corporate
DL-13315,Delfina Latchford,Consumer
TS-21340,Toby Swindell,Consumer
NW-18400,Natalie Webber,Consumer
TC-21475,Tony Chapman,Home Office
CR-12625,Corey Roper,Home Office
MT-18070,Michelle Tran,Home Office
ND-18460,Neil Ducich,Corporate
DE-13255,Deanra Eno,Home Office
SC-20380,Shahid Collister,Consumer
CM-12190,Charlotte Melton,Consumer
TB-21355,Todd Boyes,Corporate
AS-10045,Aaron Smayling,Corporate
VP-21760,Victoria Pisteka,Corporate
KN-16450,Kean Nguyen,Corporate
CL-12565,Clay Ludtke,Consumer
MO-17500,Mary O'Rourke,Consumer
JR-16210,Justin Ritter,Corporate
JK-16090,Juliana Krohn,Consumer
TC-20980,Tamara Chand,Corporate
JE-15745,Joel Eaton,Consumer
RB-19705,Roger Barcio,Home Office
JW-16075,Julia West,Consumer
BW-11200,Ben Wallace,Consumer
HD-14785,Harold Dahlen,Home Office
PR-18880,Patrick Ryan,Consumer
BT-11305,Beth Thompson,Home Office
SP-20650,Stephanie Phelps,Corporate
BP-11050,Barry Pond,Corporate
RD-19810,Ross DeVincentis,Home Office
PO-18850,Patrick O'Brill,Consumer
LR-16915,Lena Radford,Consumer
LW-16825,Laurel Workman,Corporate
AG-10390,Allen Goldenen,Consumer
LA-16780,Laura Armstrong,Corporate
DF-13135,David Flashing,Consumer
IM-15055,Ionia McGrath,Consumer
TS-21205,Thomas Seio,Corporate
BT-11395,Bill Tyler,Corporate
ES-14080,Erin Smith,Corporate
NG-18430,Nathan Gelder,Consumer
BW-11110,Bart Watters,Corporate
LF-17185,Luke Foster,Consumer
CR-12580,Clay Rozendal,Home Office
BM-11140,Becky Martin,Consumer
NS-18640,Noel Staavos,Corporate
YC-21895,Yoseph Carroll,Corporate
DD-13570,Dorothy Dickinson,Consumer
MM-17260,Magdelene Morse,Consumer
DJ-13420,Denny Joy,Corporate
IG-15085,Ivan Gibson,Consumer
DW-13195,David Wiener,Corporate
AG-10300,Aleksandra Gannaway,Corporate
AR-10405,Allen Rosenblatt,Corporate
LP-17080,Liz Pelletier,Consumer
DN-13690,Duane Noonan,Consumer
CC-12685,Craig Carroll,Consumer
SW-20455,Shaun Weien,Consumer
MO-17800,Meg O'Connel,Home Office
CC-12100,Chad Cunningham,Home Office
JE-15475,Jeremy Ellison,Consumer
BF-11020,Barry Französisch,Corporate
JK-15625,Jim Karlsson,Consumer
PB-18805,Patrick Bzostek,Home Office
DR-12880,Dan Reichenbach,Corporate
MN-17935,Michael Nguyen,Consumer
BT-11530,Bradley Talbott,Home Office
EK-13795,Eileen Kiefer,Home Office
ON-18715,Odella Nelson,Corporate
DW-13540,Don Weiss,Consumer
JK-15370,Jay Kimmel,Consumer
RP-19855,Roy Phan,Corporate
PC-18745,Pamela Coakley,Corporate
CJ-12010,Caroline Jumper,Consumer
VP-21730,Victor Preis,Home Office
PO-18865,Patrick O'Donnell,Consumer
KW-16570,Kelly Williams,Consumer
BS-11755,Bruce Stewart,Consumer
MP-17965,Michael Paige,Corporate
SW-20755,Steven Ward,Corporate
JS-15880,John Stevenson,Consumer
GZ-14470,Gary Zandusky,Consumer
GK-14620,Grace Kelly,Corporate
MC-17590,Matt Collister,Corporate
DB-13360,Dennis Bolton,Home Office
JC-15385,Jenna Caffey,Consumer
AJ-10945,Ashley Jarboe,Consumer
JB-15400,Jennifer Braxton,Corporate
DK-13150,David Kendrick,Corporate
TS-21505,Tony Sayre,Consumer
CM-12715,Craig Molinari,Corporate
TB-21520,Tracy Blumstein,Consumer
YS-21880,Yana Sorensen,Corporate
JM-15865,John Murray,Consumer
PN-18775,Parhena Norris,Home Office
KT-16465,Kean Takahito,Consumer
MR-17545,Mathew Reese,Home Office
RB-19570,Rob Beeghly,Consumer
PL-18925,Paul Lucas,Home Office
BS-11665,Brian Stugart,Consumer
EC-14050,Erin Creighton,Consumer
PK-18910,Paul Knutson,Home Office
JD-16015,Joy Daniels,Consumer
DB-13060,Dave Brooks,Consumer
NR-18550,Nick Radford,Consumer
MP-18175,Mike Pelletier,Home Office
BF-11275,Beth Fritzler,Corporate
LB-16735,Larry Blacks,Consumer
EJ-14155,Eva Jacobs,Consumer
RK-19300,Ralph Kennedy,Consumer
RF-19345,Randy Ferguson,Corporate
LT-17110,Liz Thompson,Consumer
KD-16615,Ken Dana,Corporate
DB-13270,Deborah Brumfield,Home Office
CK-12205,Chloris Kastensmidt,Consumer
ML-18265,Muhammed Lee,Consumer
JH-15910,Jonathan Howell,Consumer
BT-11485,Brad Thomas,Home Office
PM-19135,Peter McVee,Home Office
LE-16810,Laurel Elliston,Consumer
LO-17170,Lori Olson,Corporate
JS-15940,Joni Sundaresam,Home Office
BE-11335,Bill Eplett,Home Office
CB-12415,Christy Brittain,Consumer
RS-19765,Roland Schwarz,Corporate
HK-14890,Heather Kirkland,Corporate
SO-20335,Sean O'Donnell,Consumer
AF-10870,Art Ferguson,Consumer
LC-16960,Lindsay Castell,Home Office
MG-17875,Michael Grace,Home Office
JL-15850,John Lucas,Consumer
JP-15520,Jeremy Pistek,Consumer
TC-21145,Theresa Coyne,Corporate
TH-21100,Thea Hendricks,Consumer
TT-21265,Tim Taslimi,Corporate
MC-17425,Mark Cousins,Corporate
MS-17980,Michael Stewart,Corporate
EL-13735,Ed Ludwig,Home Office
AH-10585,Angele Hood,Consumer
TS-21655,Trudy Schmidt,Consumer
ML-18040,Michelle Lonsdale,Corporate
ZD-21925,Zuschuss Donatelli,Consumer
PM-18940,Paul MacIntyre,Consumer
BG-11740,Bruce Geld,Consumer
JK-15730,Joe Kamberova,Consumer
SB-20170,Sarah Bern,Consumer
RC-19960,Ryan Crowe,Consumer
JE-15715,Joe Elijah,Consumer
MH-17455,Mark Hamilton,Consumer
GM-14455,Gary Mitchum,Home Office
SC-20800,Stuart Calhoun,Consumer
BH-11710,Brosina Hoffman,Consumer
RE-19450,Richard Eichhorn,Consumer
MH-17785,Maya Herman,Corporate
AC-10660,Anna Chung,Consumer
KL-16555,Kelly Lampkin,Corporate
NH-18610,Nicole Hansen,Corporate
MP-17470,Mark Packer,Home Office
SK-19990,Sally Knutson,Consumer
HJ-14875,Heather Jas,Home Office
MD-17350,Maribeth Dona,Consumer
JS-15685,Jim Sink,Corporate
LH-17020,Lisa Hazard,Consumer
SC-20305,Sean Christensen,Consumer
HP-14815,Harold Pawlan,Home Office
KB-16240,Karen Bern,Corporate
SC-20770,Stewart Carmichael,Corporate
AH-10120,Adrian Hane,Home Office
SC-20575,Sonia Cooley,Consumer
BF-11215,Benjamin Farhat,Home Office
CC-12550,Clay Cheatham,Consumer
MS-17830,Melanie Seite,Consumer
EM-14065,Erin Mull,Consumer
AS-10285,Alejandro Savely,Corporate
SJ-20500,Shirley Jackson,Consumer
TG-21310,Toby Gnade,Consumer
MC-17605,Matt Connell,Corporate
PJ-19015,Pauline Johnson,Consumer
JD-15790,John Dryer,Consumer
DK-12985,Darren Koutras,Consumer
SC-20440,Shaun Chance,Corporate
GM-14440,Gary McGarr,Consumer
DP-13165,David Philippe,Consumer
PB-19210,Phillip Breyer,Corporate
ME-18010,Michelle Ellison,Corporate
BD-11620,Brian DeCherney,Consumer
NB-18580,Nicole Brennan,Corporate
JL-15175,James Lanier,Home Office
SR-20425,Sharelle Roach,Home Office
AF-10885,Art Foster,Consumer
CM-12160,Charles McCrossin,Consumer
CH-12070,Cathy Hwang,Home Office
DB-13615,Doug Bickford,Consumer
BS-11380,Bill Stewart,Corporate
JO-15145,Jack O'Briant,Corporate
DM-12955,Dario Medina,Corporate
LH-16900,Lena Hernandez,Consumer
HM-14980,Henry MacAllister,Consumer
CS-12130,Chad Sievert,Consumer
JG-15310,Jason Gross,Corporate
RA-19945,Ryan Akin,Consumer
JB-15925,Joni Blumstein,Consumer
MW-18235,Mitch Willingham,Corporate
GZ-14545,George Zrebassa,Corporate
AG-10495,Andrew Gjertsen,Corporate
RD-19660,Robert Dilbeck,Home Office
CD-11980,Carol Darley,Consumer
CC-12610,Corey Catlett,Corporate
CA-12055,Cathy Armstrong,Home Office
JM-15250,Janet Martin,Consumer
EB-14170,Evan Bailliet,Consumer
CR-12730,Craig Reiter,Consumer
JG-15115,Jack Garza,Consumer
MG-17695,Maureen Gnade,Consumer
BE-11410,Bobby Elias,Consumer
MG-18145,Mike Gockenbach,Consumer
ER-13855,Elpida Rittenbach,Corporate
EB-13870,Emily Burns,Consumer
JH-16180,Justin Hirsh,Consumer
SF-20965,Sylvia Foulston,Corporate
NS-18505,Neola Schneider,Consumer
CS-11860,Cari Schnelling,Consumer
AH-10195,Alan Haines,Corporate
JL-15130,Jack Lebron,Consumer
FC-14335,Fred Chung,Corporate
CG-12520,Claire Gute,Consumer
PT-19090,Pete Takahito,Consumer
SC-20845,Sung Chung,Consumer
RD-19930,Russell D'Ascenzo,Consumer
SM-20905,Susan MacKendrick,Consumer
BP-11290,Beth Paige,Consumer
RB-19330,Randy Bradley,Consumer
TP-21565,Tracy Poddar,Corporate
AC-10420,Alyssa Crouse,Corporate
LD-16855,Lela Donovan,Corporate
MG-17680,Maureen Gastineau,Home Office
SG-20890,Susan Gilcrest,Corporate
SJ-20215,Sarah Jordon,Consumer
LH-16750,Larry Hughes,Consumer
EB-13975,Erica Bern,Corporate
JS-15595,Jill Stevenson,Corporate
MO-17950,Michael Oakman,Consumer
GH-14665,Greg Hansen,Consumer
MG-18205,Mitch Gastineau,Corporate
EB-13705,Ed Braxton,Corporate
CM-11935,Carlos Meador,Consumer
CJ-11875,Carl Jackson,Corporate
JH-15430,Jennifer Halladay,Consumer
TB-21595,Troy Blackwell,Consumer
VS-21820,Vivek Sundaresam,Consumer
LT-16765,Larry Tron,Consumer
RE-19405,Ricardo Emerson,Consumer
AO-10810,Anthony O'Donnell,Corporate
VT-21700,Valerie Takahito,Home Office
PH-18790,Patricia Hirasaki,Home Office
JR-15700,Jocasta Rupert,Consumer
RH-19555,Ritsa Hightower,Consumer
SH-20635,Stefanie Holloman,Corporate
GH-14485,Gene Hale,Corporate
TS-21085,Thais Sissman,Consumer
DV-3045,Darrin Van Huff,Corporate
TB-11400,Tom Boeckenhauer,Consumer
JD-6015,Joy Daniels,Consumer
BW-1110,Bart Watters,Corporate
EH-3945,Eric Hoffmann,Consumer
JD-5895,Jonathan Doherty,Corporate
AG-900,Arthur Gainer,Consumer
GR-4560,Georgia Rosenberg,Corporate
PF-9225,Phillip Flathmann,Consumer
Dp-3240,Dean percer,Home Office
KH-6330,Katharine Harms,Corporate
PF-9165,Philip Fox,Consumer
CM-1935,Carlos Meador,Consumer
GM-4695,Greg Maxwell,Corporate
RF-9735,Roland Fjeld,Consumer
SL-10155,Sara Luxemburg,Home Office
DL-3495,Dionis Lloyd,Corporate
KB-6315,Karl Braun,Consumer
MM-8055,Michelle Moray,Consumer
AC-615,Ann Chong,Corporate
PA-9060,Pete Armstrong,Home Office
AY-555,Andy Yotov,Corporate
DB-3060,Dave Brooks,Consumer
RD-9660,Robert Dilbeck,Home Office
SC-10695,Steve Chapman,Corporate
DO-3645,Doug O'Connell,Consumer
TH-11235,Tiffany House,Corporate
BS-1665,Brian Stugart,Consumer
EC-4050,Erin Creighton,Consumer
LC-6930,Linda Cazamias,Corporate
TS-11655,Trudy Schmidt,Consumer
TW-11025,Tamara Willingham,Home Office
TB-11175,Thomas Boland,Corporate
BP-1155,Becky Pak,Consumer
DL-2865,Dan Lawera,Consumer
LC-7050,Liz Carlisle,Consumer
MK-8160,Mike Kennedy,Consumer
SM-10320,Sean Miller,Home Office
TP-11565,Tracy Poddar,Corporate
AC-660,Anna Chung,Consumer
TZ-11580,Tracy Zic,Consumer
AA-645,Anna Andreadi,Consumer
SS-10140,Saphhira Shifley,Corporate
ER-3855,Elpida Rittenbach,Corporate
LH-7155,Logan Haushalter,Consumer
DJ-3510,Don Jones,Corporate
JS-6030,Joy Smith,Consumer
RH-9555,Ritsa Hightower,Consumer
TB-11625,Trudy Brown,Consumer
RO-9780,Rose O'Brian,Consumer
NM-8445,Nathan Mautz,Home Office
JH-5985,Joseph Holt,Consumer
PO-9180,Philisse Overcash,Home Office
HG-4965,Henry Goldwyn,Corporate
CM-1830,Cari MacIntyre,Corporate
RA-9285,Ralph Arnett,Consumer
SB-10290,Sean Braxton,Corporate
CD-2280,Christina DeMoss,Consumer
BM-1785,Bryan Mills,Consumer
ME-7725,Max Engle,Consumer
RP-9270,Rachel Payne,Corporate
JJ-5760,Joel Jenkins,Home Office
RA-9885,Ruben Ausman,Corporate
BP-1185,Ben Peterman,Corporate
AS-630,Ann Steele,Home Office
MZ-7515,Mary Zewe,Corporate
CB-2535,Claudia Bergmann,Corporate
EB-3930,Eric Barreto,Consumer
BT-1305,Beth Thompson,Home Office
TD-10995,Tamara Dahlen,Consumer
TC-11535,Tracy Collins,Home Office
JP-6135,Julie Prescott,Home Office
LW-7125,Liz Willingham,Consumer
MC-7590,Matt Collister,Corporate
MJ-7740,Max Jones,Consumer
JW-5220,Jane Waco,Corporate
BD-1605,Brian Dahlen,Consumer
ED-3885,Emily Ducich,Home Office
MV-7485,Mark Van Huff,Consumer
TC-10980,Tamara Chand,Corporate
DN-3690,Duane Noonan,Consumer
CP-2085,Cathy Prescott,Corporate
CG-2040,Catherine Glotzbach,Home Office
WB-11850,William Brown,Consumer
MM-7920,Michael Moore,Consumer
MM-7260,Magdelene Morse,Consumer
RS-9765,Roland Schwarz,Corporate
DP-3000,Darren Powers,Consumer
FG-4260,Frank Gastineau,Home Office
EM-4095,Eudokia Martin,Corporate
GM-4440,Gary McGarr,Consumer
NS-8505,Neola Schneider,Consumer
NZ-8565,Nick Zandusky,Home Office
PO-8865,Patrick O'Donnell,Consumer
CL-1890,Carl Ludwig,Consumer
DB-2910,Daniel Byrd,Home Office
HZ-4950,Henia Zydlo,Consumer
AG-495,Andrew Gjertsen,Corporate
KF-6285,Karen Ferguson,Home Office
AB-60,Adam Bellavance,Home Office
CA-2265,Christina Anderson,Consumer
DK-3375,Dennis Kane,Consumer
FM-4215,Filia McAdams,Corporate
SE-10110,Sanjit Engle,Consumer
TM-11490,Tony Molinari,Consumer
RF-9840,Roy Französisch,Consumer
DB-3555,Dorothy Badders,Corporate
ML-8265,Muhammed Lee,Consumer
TH-11100,Thea Hendricks,Consumer
JS-5940,Joni Sundaresam,Home Office
DM-3525,Don Miller,Corporate
KN-6390,Katherine Nockton,Corporate
CS-1845,Cari Sayre,Corporate
BD-1725,Bruce Degenhardt,Consumer
DH-3675,Duane Huffman,Home Office
RB-9360,Raymond Buch,Consumer
DM-3345,Denise Monton,Corporate
DL-3315,Delfina Latchford,Consumer
CR-2820,Cyra Reiten,Home Office
PO-9195,Phillina Ober,Home Office
VT-11700,Valerie Takahito,Home Office
AG-270,Alejandro Grove,Consumer
JS-5595,Jill Stevenson,Corporate
NC-8415,Nathan Cano,Consumer
DB-3210,Dean Braden,Consumer
LW-6825,Laurel Workman,Corporate
JR-5670,Jim Radford,Consumer
SS-10410,Shahid Shariari,Consumer
LD-7005,Lisa DeCherney,Consumer
MR-7545,Mathew Reese,Home Office
JP-5460,Jennifer Patt,Corporate
HJ-4875,Heather Jas,Home Office
AG-330,Alex Grayson,Consumer
MG-7680,Maureen Gastineau,Home Office
KB-6240,Karen Bern,Corporate
TR-11325,Toby Ritter,Consumer
NP-8700,Nora Preis,Consumer
BM-1650,Brian Moss,Corporate
EL-3735,Ed Ludwig,Home Office
ES-4020,Erica Smith,Consumer
PG-8820,Patrick Gardner,Consumer
CC-2550,Clay Cheatham,Consumer
SO-10335,Sean O'Donnell,Consumer
EM-3960,Eric Murdock,Consumer
RE-9405,Ricardo Emerson,Consumer
IG-5085,Ivan Gibson,Consumer
SC-10725,Steven Cartwright,Consumer
MN-7935,Michael Nguyen,Consumer
SC-10305,Sean Christensen,Consumer
KM-6660,Khloe Miller,Consumer
TS-11160,Theresa Swint,Corporate
MC-7575,Matt Collins,Consumer
TT-11220,Thomas Thornton,Consumer
SS-10590,Sonia Sunley,Consumer
MC-7275,Marc Crier,Consumer
TH-11115,Thea Hudgings,Corporate
BF-1170,Ben Ferrer,Home Office
BD-1770,Bryan Davis,Consumer
DK-3150,David Kendrick,Corporate
JM-5580,Jill Matthias,Consumer
LF-7185,Luke Foster,Consumer
BE-1410,Bobby Elias,Consumer
KH-6360,Katherine Hughes,Consumer
RH-9510,Rick Huthwaite,Home Office
NF-8385,Natalie Fritzler,Consumer
GH-4425,Gary Hwang,Consumer
PK-9075,Pete Kriz,Consumer
BP-1230,Benjamin Patterson,Consumer
SC-10770,Stewart Carmichael,Corporate
Dl-3600,Dorris liebe,Corporate
AA-375,Allen Armold,Consumer
KT-6480,Kean Thornton,Consumer
TB-11190,Thomas Brumley,Home Office
EG-3900,Emily Grady,Consumer
AJ-960,Astrea Jones,Consumer
DK-2835,Damala Kotsonis,Corporate
CM-2385,Christopher Martinez,Consumer
TS-11340,Toby Swindell,Consumer
HG-4845,Harry Greene,Consumer
TB-11520,Tracy Blumstein,Consumer
EB-3840,Ellis Ballard,Corporate
HF-4995,Herbert Flentye,Consumer
HM-4860,Harry Marie,Corporate
AM-360,Alice McCarthy,Corporate
LS-6945,Linda Southworth,Corporate
MB-8085,Mick Brown,Consumer
CV-2805,Cynthia Voltz,Corporate
JF-5415,Jennifer Ferguson,Consumer
RB-9705,Roger Barcio,Home Office
KH-6630,Ken Heidel,Corporate
CA-2775,Cynthia Arntzen,Consumer
ST-10530,Shui Tom,Consumer
PB-8805,Patrick Bzostek,Home Office
GP-4740,Guy Phonely,Corporate
HW-4935,Helen Wasserman,Corporate
PL-8925,Paul Lucas,Home Office
JF-5355,Jay Fein,Consumer
RB-9645,Robert Barroso,Corporate
MH-7785,Maya Herman,Corporate
HG-5025,Hunter Glantz,Consumer
AJ-780,Anthony Jacobs,Corporate
SD-10485,Shirley Daniels,Home Office
DJ-3630,Doug Jacobs,Consumer
GA-4515,George Ashbrook,Consumer
SV-10785,Stewart Visinsky,Consumer
DD-3570,Dorothy Dickinson,Consumer
TZ-21445,Tom Zandusky,Corporate
JM-5865,John Murray,Consumer
CC-2220,Chris Cortes,Consumer
SW-10245,Scot Wooten,Consumer
CD-1980,Carol Darley,Consumer
LO-7170,Lori Olson,Corporate
AG-675,Anna Gayman,Consumer
PM-9135,Peter McVee,Home Office
LS-7230,Lycoris Saunders,Consumer
EB-4110,Eugene Barchas,Consumer
AP-720,Anne Pryor,Home Office
CY-2745,Craig Yedwab,Corporate
RM-9750,Roland Murray,Consumer
MV-8190,Mike Vittorini,Consumer
PW-9030,Pauline Webber,Corporate
LS-6975,Lindsay Shagiari,Home Office
BD-1320,Bill Donatelli,Consumer
OT-8730,Olvera Toch,Consumer
JS-5880,John Stevenson,Consumer
CK-2205,Chloris Kastensmidt,Consumer
VS-11820,Vivek Sundaresam,Consumer
DW-3540,Don Weiss,Consumer
IL-5100,Ivan Liston,Consumer
JC-6105,Julie Creighton,Corporate
LD-6855,Lela Donovan,Corporate
JG-5160,James Galang,Consumer
CS-2355,Christine Sundaresam,Consumer
JC-5340,Jasper Cacioppo,Consumer
DW-3195,David Wiener,Corporate
AZ-750,Annie Zypern,Consumer
RB-9570,Rob Beeghly,Consumer
JA-5970,Joseph Airdo,Consumer
LT-7110,Liz Thompson,Consumer
ML-8040,Michelle Lonsdale,Corporate
SG-10605,Speros Goranitis,Consumer
MS-7530,MaryBeth Skach,Consumer
KH-6690,Kristen Hastings,Corporate
SA-10830,Sue Ann Reed,Consumer
EM-3825,Elizabeth Moffitt,Corporate
EH-3990,Erica Hackney,Consumer
MO-7500,Mary O'Rourke,Consumer
MB-7305,Maria Bertelson,Consumer
GM-4680,Greg Matthias,Consumer
PB-9150,Philip Brown,Consumer
NP-8325,Naresj Patel,Consumer
JE-5475,Jeremy Ellison,Consumer
LR-6915,Lena Radford,Consumer
JB-6000,Joy Bell-,Consumer
AH-75,Adam Hart,Corporate
BM-1575,Brendan Murry,Corporate
AJ-795,Anthony Johnson,Corporate
SH-10395,Shahid Hopkins,Consumer
FM-4290,Frank Merwin,Home Office
EN-3780,Edward Nazzal,Consumer
AW-930,Arthur Wiediger,Home Office
NS-8640,Noel Staavos,Corporate
NC-8340,Nat Carroll,Consumer
CC-2430,Chuck Clark,Home Office
KL-6555,Kelly Lampkin,Corporate
SC-10230,Scot Coram,Corporate
BF-1005,Barry Franz,Home Office
LP-7080,Liz Pelletier,Consumer
CD-2790,Cynthia Delaney,Home Office
RH-9495,Rick Hansen,Consumer
KC-6540,Kelly Collister,Consumer
AD-180,Alan Dominguez,Home Office
CM-2655,Corinna Mitchell,Home Office
RP-9855,Roy Phan,Corporate
TB-11355,Todd Boyes,Corporate
EB-3870,Emily Burns,Consumer
AC-420,Alyssa Crouse,Corporate
MH-7440,Mark Haberlin,Corporate
GM-4455,Gary Mitchum,Home Office
AC-450,Amy Cox,Consumer
RE-9450,Richard Eichhorn,Consumer
CH-2070,Cathy Hwang,Home Office
SJ-10125,Sanjit Jacobs,Home Office
EM-4140,Eugene Moren,Home Office
EH-4185,Evan Henry,Consumer
AG-390,Allen Goldenen,Consumer
TH-11550,Tracy Hopkins,Home Office
EB-3750,Edward Becker,Corporate
DR-2880,Dan Reichenbach,Corporate
BS-1590,Brendan Sweed,Corporate
AA-315,Alex Avila,Consumer
JF-5190,Jamie Frazer,Consumer
MD-7860,Michael Dominguez,Corporate
BP-1095,Bart Pistole,Corporate
VW-11775,Victoria Wilson,Corporate
VP-11760,Victoria Pisteka,Corporate
MY-8295,Muhammed Yedwab,Corporate
SR-10740,Steven Roelle,Home Office
JK-6090,Juliana Krohn,Consumer
AF-870,Art Ferguson,Consumer
SS-10875,Sung Shariari,Consumer
TT-11265,Tim Taslimi,Corporate
RS-9870,Roy Skaria,Home Office
JM-5535,Jessica Myrick,Consumer
MA-7560,Matt Abelman,Home Office
JF-5295,Jason Fortune-,Consumer
MP-7965,Michael Paige,Corporate
MH-7620,Matt Hagelstein,Corporate
DM-3015,Darrin Martin,Consumer
MM-8280,Muhammed MacIntyre,Corporate
PW-9240,Pierre Wener,Consumer
SW-10350,Sean Wendt,Home Office
LP-7095,Liz Preis,Consumer
PS-8970,Paul Stevenson,Home Office
ZC-11910,Zuschuss Carroll,Consumer
BT-1680,Brian Thompson,Consumer
LH-7020,Lisa Hazard,Consumer
JH-5430,Jennifer Halladay,Consumer
KH-6510,Keith Herrera,Consumer
BH-1710,Brosina Hoffman,Consumer
MC-8130,Mike Caudle,Corporate
LW-6990,Lindsay Williams,Corporate
JK-5640,Jim Kriz,Home Office
JL-5130,Jack Lebron,Consumer
NG-8430,Nathan Gelder,Consumer
SS-10515,Shirley Schmidt,Home Office
KM-6225,Kalyca Meade,Corporate
PJ-8835,Patrick Jones,Corporate
DH-3075,Dave Hallsten,Corporate
AS-225,Alan Schoenberger,Corporate
SM-10950,Suzanne McNair,Corporate
TS-11505,Tony Sayre,Consumer
ME-7320,Maria Etezadi,Home Office
PF-9120,Peter Fuller,Consumer
JF-5565,Jill Fjeld,Consumer
RD-9480,Rick Duston,Consumer
JB-5925,Joni Blumstein,Consumer
DF-3135,David Flashing,Consumer
EJ-4155,Eva Jacobs,Consumer
CR-2730,Craig Reiter,Consumer
LR-7035,Lisa Ryan,Corporate
RH-9600,Rob Haberlin,Consumer
AR-825,Anthony Rawles,Corporate
AR-345,Alex Russell,Corporate
LM-7065,Liz MacKendrick,Consumer
SP-10620,Stefania Perrino,Corporate
DB-3120,David Bremer,Corporate
MF-8250,Monica Federle,Corporate
DB-3270,Deborah Brumfield,Home Office
CV-2295,Christina VanderZanden,Consumer
RS-9420,Ricardo Sperren,Corporate
DW-3585,Dorothy Wardle,Corporate
JE-5715,Joe Elijah,Consumer
PC-8745,Pamela Coakley,Corporate
SC-10095,Sanjit Chand,Consumer
RR-9525,Rick Reed,Corporate
EH-4125,Eugene Hildebrand,Home Office
SB-10170,Sarah Bern,Consumer
BC-1125,Becky Castell,Home Office
AR-540,Andy Reiter,Consumer
BF-1275,Beth Fritzler,Corporate
IM-5055,Ionia McGrath,Consumer
AH-585,Angele Hood,Consumer
NC-8535,Nick Crebassa,Corporate
BO-1350,Bill Overfelt,Corporate
CL-2565,Clay Ludtke,Consumer
ZD-11925,Zuschuss Donatelli,Consumer
DM-2955,Dario Medina,Corporate
NR-8550,Nick Radford,Consumer
CB-2025,Cassandra Brandow,Consumer
DP-3105,Dave Poirier,Corporate
AT-435,Alyssa Tate,Home Office
CM-2190,Charlotte Melton,Consumer
AR-510,Andrew Roberts,Consumer
RM-9675,Robert Marley,Home Office
DL-3330,Denise Leinenbach,Consumer
GB-4530,George Bell,Corporate
LC-6885,Lena Creighton,Consumer
TS-11205,Thomas Seio,Corporate
KB-6405,Katrina Bavinger,Home Office
JB-6045,Julia Barnett,Home Office
PR-8880,Patrick Ryan,Consumer
GZ-4545,George Zrebassa,Corporate
DW-3480,Dianna Wilson,Home Office
TC-11295,Toby Carlisle,Consumer
TC-11145,Theresa Coyne,Corporate
MC-7635,Matthew Clasen,Corporate
TC-11475,Tony Chapman,Home Office
CC-2685,Craig Carroll,Consumer
BT-1530,Bradley Talbott,Home Office
KE-6420,Katrina Edelman,Corporate
CR-2625,Corey Roper,Home Office
RD-9900,Ruben Dartt,Consumer
JK-5730,Joe Kamberova,Consumer
BG-1740,Bruce Geld,Consumer
PN-8775,Parhena Norris,Home Office
AG-300,Aleksandra Gannaway,Corporate
CK-2595,Clytie Kelty,Consumer
TM-11010,Tamara Manning,Consumer
CS-2250,Chris Selesnick,Corporate
JR-5700,Jocasta Rupert,Consumer
MT-7815,Meg Tillman,Consumer
JC-5775,John Castell,Consumer
EH-3765,Edward Hooks,Corporate
CM-2235,Chris McAfee,Consumer
TA-11385,Tom Ashbrook,Home Office
RL-9615,Rob Lucas,Consumer
SM-10005,Sally Matthias,Consumer
KM-6375,Katherine Murray,Home Office
SU-10665,Stephanie Ulpright,Home Office
RB-9330,Randy Bradley,Consumer
JE-5610,Jim Epp,Corporate
CD-1920,Carlos Daly,Consumer
MH-7455,Mark Hamilton,Consumer
RB-9465,Rick Bensley,Home Office
GB-4575,Giulietta Baptist,Consumer
MY-7380,Maribeth Yedwab,Corporate
CA-2310,Christine Abelman,Corporate
EJ-3720,Ed Jacobs,Consumer
MZ-7335,Maria Zettner,Home Office
HK-4890,Heather Kirkland,Corporate
PV-8985,Paul Van Hugh,Home Office
GZ-4470,Gary Zandusky,Consumer
TS-11085,Thais Sissman,Consumer
NB-8655,Nona Balk,Corporate
CS-1860,Cari Schnelling,Consumer
AB-15,Aaron Bergman,Consumer
CM-2445,Chuck Magee,Consumer
BF-1080,Bart Folk,Consumer
HL-5040,Hunter Lopez,Consumer
AG-765,Anthony Garverick,Home Office
KB-6600,Ken Brennan,Corporate
SR-10425,Sharelle Roach,Home Office
RW-9690,Robert Waldorf,Consumer
SF-10065,Sandra Flanagan,Consumer
NW-8400,Natalie Webber,Consumer
GT-4710,Greg Tran,Consumer
AS-285,Alejandro Savely,Corporate
CC-2475,Cindy Chapman,Consumer
KC-6255,Karen Carlisle,Corporate
CS-2505,Cindy Stewart,Consumer
SW-10275,Scott Williamson,Consumer
JM-5655,Jim Mitchum,Corporate
HR-4770,Hallie Redmond,Home Office
RA-9945,Ryan Akin,Consumer
TG-11640,Trudy Glocke,Consumer
BF-1215,Benjamin Farhat,Home Office
DB-2970,Darren Budd,Corporate
SW-10755,Steven Ward,Corporate
SF-10965,Sylvia Foulston,Corporate
SG-10470,Sheri Gordon,Consumer
LC-6960,Lindsay Castell,Home Office
CC-2370,Christopher Conant,Consumer
NG-8355,Nat Gilpin,Corporate
BF-1020,Barry Französisch,Corporate
TS-11370,Todd Sumrall,Corporate
TP-11415,Tom Prescott,Consumer
AG-525,Andy Gerbode,Corporate
RW-9630,Rob Williams,Corporate
JK-5205,Jamie Kunitz,Consumer
SM-10905,Susan MacKendrick,Consumer
KL-6645,Ken Lonsdale,Consumer
JC-5385,Jenna Caffey,Consumer
PJ-9015,Pauline Johnson,Consumer
KS-6300,Karen Seio,Corporate
MH-8115,Mick Hernandez,Home Office
SK-9990,Sally Knutson,Consumer
PC-9000,Pauline Chand,Home Office
RP-9390,Resi Pölking,Consumer
JL-5235,Janet Lee,Consumer
CS-1950,Carlos Soltero,Consumer
FC-4335,Fred Chung,Corporate
BP-1290,Beth Paige,Consumer
DL-2925,Daniel Lacy,Consumer
RD-9720,Roger Demir,Consumer
BS-1800,Bryan Spruell,Home Office
RR-9315,Ralph Ritter,Consumer
EK-3795,Eileen Kiefer,Home Office
SF-10200,Sarah Foster,Consumer
RB-9795,Ross Baird,Home Office
BM-1140,Becky Martin,Consumer
ML-7755,Max Ludwig,Home Office
MF-7665,Maureen Fritzler,Corporate
JL-5175,James Lanier,Home Office
CK-2760,Cyma Kinney,Corporate
PS-9045,Penelope Sewall,Home Office
DO-3435,Denny Ordway,Consumer
BT-1395,Bill Tyler,Corporate
LB-6735,Larry Blacks,Consumer
JK-5625,Jim Karlsson,Consumer
AH-210,Alan Hwang,Consumer
TP-11130,Theone Pippenger,Consumer
AB-105,Adrian Barton,Consumer
AS-90,Adam Shillingsburg,Consumer
KD-6495,Keith Dawkins,Corporate
BO-1425,Bobby Odegard,Consumer
BT-1440,Bobby Trafton,Consumer
AM-705,Anne McFarland,Consumer
KT-6465,Kean Takahito,Consumer
KC-6675,Kimberly Carter,Corporate
NP-8670,Nora Paige,Consumer
SV-10365,Seth Vernon,Consumer
SH-9975,Sally Hughsby,Corporate
DK-2895,Dana Kaydos,Consumer
AH-465,Amy Hunt,Consumer
JK-5370,Jay Kimmel,Consumer
MW-8220,Mitch Webber,Consumer
JK-5325,Jason Klamczynski,Corporate
PO-8850,Patrick O'Brill,Consumer
CM-2115,Chad McGuire,Consumer
JH-5910,Jonathan Howell,Consumer
SN-10710,Steve Nguyen,Home Office
HH-5010,Hilary Holden,Corporate
JE-6165,Justin Ellison,Corporate
JS-5685,Jim Sink,Corporate
NC-8625,Noah Childs,Corporate
CK-2325,Christine Kargatis,Home Office
FW-4395,Fred Wasserman,Corporate
BS-1380,Bill Stewart,Corporate
SC-10680,Steve Carroll,Home Office
MK-7905,Michael Kennedy,Corporate
CM-1815,Candace McMahon,Corporate
BK-1260,Berenike Kampe,Consumer
FO-4305,Frank Olsen,Consumer
ML-7395,Marina Lichtenstein,Corporate
RD-9930,Russell D'Ascenzo,Consumer
DG-3300,Deirdre Greer,Corporate
JK-6120,Julie Kriz,Home Office
SN-10560,Skye Norling,Home Office
RD-9585,Rob Dowd,Consumer
CL-2700,Craig Leslie,Home Office
LS-7245,Lynn Smith,Consumer
CG-2520,Claire Gute,Consumer
AI-855,Arianne Irving,Consumer
SV-10815,Stuart Van,Corporate
SJ-10500,Shirley Jackson,Consumer
EM-3810,Eleni McCrary,Corporate
TB-11595,Troy Blackwell,Consumer
DE-3255,Deanra Eno,Home Office
GT-4755,Guy Thornton,Consumer
TT-11070,Ted Trevino,Consumer
BN-1470,Brad Norvell,Corporate
HM-4980,Henry MacAllister,Consumer
CA-1965,Carol Adams,Corporate
JW-6075,Julia West,Consumer
DP-3390,Dennis Pardue,Home Office
Co-2640,Corey-Lock,Consumer
MW-8235,Mitch Willingham,Corporate
DC-2850,Dan Campbell,Consumer
AH-120,Adrian Hane,Home Office
EM-4200,Evan Minnotte,Home Office
BD-1635,Brian Derr,Consumer
GM-4500,Gene McClure,Consumer
JW-5955,Joni Wasserman,Consumer
MG-8205,Mitch Gastineau,Corporate
JO-5145,Jack O'Briant,Corporate
MA-7995,Michelle Arnett,Home Office
JL-5850,John Lucas,Consumer
CM-2160,Charles McCrossin,Consumer
BB-990,Barry Blumstein,Corporate
SC-10260,Scott Cohen,Corporate
MH-8025,Michelle Huthwaite,Consumer
BD-1560,Brendan Dodson,Home Office
MG-7695,Maureen Gnade,Consumer
AS-240,Alan Shonely,Consumer
JR-15670,Jim Radford,Consumer
DV-3465,Dianna Vittorini,Consumer
SC-10050,Sample Company A,Home Office
CS-2400,Christopher Schild,Home Office
MS-7830,Melanie Seite,Consumer
PP-8955,Paul Prost,Home Office
BF-975,Barbara Fisher,Corporate
KA-6525,Kelly Andreada,Consumer
SG-10080,Sandra Glassco,Consumer
VB-11745,Victoria Brennan,Corporate
SC-10020,Sam Craven,Consumer
NB-8580,Nicole Brennan,Corporate
CJ-2010,Caroline Jumper,Consumer
TN-11040,Tanja Norvell,Home Office
DK-3090,Dave Kipp,Consumer
SZ-10035,Sam Zeldin,Home Office
ES-4080,Erin Smith,Corporate
RM-9375,Raymond Messe,Consumer
GH-4410,Gary Hansen,Home Office
JO-5280,Jas O'Carroll,Consumer
PB-9105,Peter Bühler,Consumer
KN-6450,Kean Nguyen,Corporate
AW-840,Anthony Witt,Consumer
EB-3705,Ed Braxton,Corporate
TZ-11445,Tom Zandusky,Corporate
SH-10635,Stefanie Holloman,Corporate
AO-810,Anthony O'Donnell,Corporate
CS-2460,Chuck Sachs,Consumer
JG-5115,Jack Garza,Consumer
RK-9300,Ralph Kennedy,Consumer
PB-9210,Phillip Breyer,Corporate
LA-6780,Laura Armstrong,Corporate
YC-11895,Yoseph Carroll,Corporate
NF-8595,Nicole Fjeld,Home Office
GW-4605,Giulietta Weimer,Consumer
AR-405,Allen Rosenblatt,Corporate
CJ-1875,Carl Jackson,Corporate
DC-3285,Debra Catini,Consumer
JH-6180,Justin Hirsh,Consumer
GH-4485,Gene Hale,Corporate
MO-7950,Michael Oakman,Consumer
GA-4725,Guy Armstrong,Consumer
DB-3405,Denny Blanton,Consumer
AB-150,Aimee Bixby,Consumer
NL-8310,Nancy Lomonaco,Home Office
DR-2940,Daniel Raglin,Home Office
NF-8475,Neil Französisch,Home Office
SC-10440,Shaun Chance,Corporate
AB-255,Alejandro Ballentine,Home Office
KB-6585,Ken Black,Corporate
PT-9090,Pete Takahito,Consumer
DB-3615,Doug Bickford,Consumer
ON-8715,Odella Nelson,Corporate
LW-7215,Luke Weiss,Consumer
TB-11250,Tim Brockman,Consumer
FC-4245,Frank Carlisle,Home Office
HA-4920,Helen Andreada,Consumer
HA-4905,Helen Abelman,Consumer
MO-7800,Meg O'Connel,Home Office
LH-6900,Lena Hernandez,Consumer
JD-6060,Julia Dunbar,Consumer
SG-10890,Susan Gilcrest,Corporate
SJ-10215,Sarah Jordon,Consumer
TT-11460,Tonja Turnell,Home Office
NP-8685,Nora Pelletier,Home Office
CB-2415,Christy Brittain,Consumer
MG-7650,Matthew Grinstein,Home Office
CS-2175,Charles Sheldon,Corporate
BW-1200,Ben Wallace,Consumer
TB-11280,Toby Braunhardt,Consumer
MC-7845,Michael Chen,Consumer
LC-6870,Lena Cacioppo,Consumer
TB-11055,Ted Butterfield,Consumer
VG-11805,Vivek Grady,Corporate
JH-5820,John Huston,Consumer
QJ-9255,Quincy Jones,Corporate
ND-8460,Neil Ducich,Corporate
JJ-5445,Jennifer Jackson,Consumer
NK-8490,Neil Knudson,Home Office
CC-2100,Chad Cunningham,Home Office
DS-3180,David Smith,Corporate
VM-11685,Valerie Mitchum,Home Office
MS-7365,Maribeth Schnelling,Consumer
EB-3975,Erica Bern,Corporate
BB-1545,Brenda Bowman,Corporate
PK-8910,Paul Knutson,Home Office
VD-11670,Valerie Dominguez,Consumer
SP-10545,Sibella Parks,Corporate
BD-1620,Brian DeCherney,Consumer
JF-5490,Jeremy Farry,Consumer
MP-8175,Mike Pelletier,Home Office
GT-4635,Grant Thornton,Corporate
AH-690,Anna Häberlin,Corporate
MH-7290,Marc Harrigan,Home Office
RF-9345,Randy Ferguson,Corporate
AH-195,Alan Haines,Corporate
VP-11730,Victor Preis,Home Office
AP-915,Arthur Prichep,Consumer
BW-1065,Barry Weirich,Consumer
RD-9810,Ross DeVincentis,Home Office
JD-6150,Justin Deggeller,Corporate
BT-1485,Brad Thomas,Home Office
BS-1365,Bill Shonely,Corporate
JE-5745,Joel Eaton,Consumer
CW-1905,Carl Weiss,Home Office
EB-4170,Evan Bailliet,Consumer
DK-3225,Dean Katz,Corporate
KN-6705,Kristina Nunn,Home Office
FM-4380,Fred McMath,Consumer
FH-4365,Fred Hopkins,Corporate
HP-4815,Harold Pawlan,Home Office
VM-11835,Vivian Mathis,Consumer
PM-8940,Paul MacIntyre,Consumer
JM-5250,Janet Martin,Consumer
DP-3165,David Philippe,Consumer
EM-4065,Erin Mull,Consumer
JM-6195,Justin MacKendrick,Consumer
MG-8145,Mike Gockenbach,Consumer
BP-1050,Barry Pond,Corporate
DS-3030,Darrin Sayre,Home Office
HR-4830,Harold Ryan,Corporate
YS-11880,Yana Sorensen,Corporate
TS-11430,Tom Stivers,Corporate
XP-11865,Xylona Preis,Consumer
DJ-3420,Denny Joy,Corporate
JG-5805,John Grady,Corporate
KM-6720,Kunst Miller,Consumer
LH-6750,Larry Hughes,Consumer
CC-2145,Charles Crestani,Consumer
AH-30,Aaron Hawkins,Corporate
BS-1755,Bruce Stewart,Consumer
AA-480,Andrew Allen,Consumer
GH-4665,Greg Hansen,Consumer
MT-8070,Michelle Tran,Home Office
BG-1695,Brooke Gillingham,Corporate
HE-4800,Harold Engle,Corporate
PG-8895,Paul Gonzalez,Consumer
SV-10935,Susan Vittorini,Consumer
MC-7425,Mark Cousins,Corporate
MS-7770,Maxwell Schwartz,Consumer
IM-5070,Irene Maddox,Consumer
EP-3915,Emily Phan,Consumer
SP-10650,Stephanie Phelps,Corporate
BE-1335,Bill Eplett,Home Office
MP-7470,Mark Packer,Home Office
KW-6435,Katrina Willman,Consumer
FH-4275,Frank Hawley,Corporate
MS-7980,Michael Stewart,Corporate
JM-5265,Janet Molinari,Corporate
SP-10920,Susan Pistek,Consumer
SW-10455,Shaun Weien,Consumer
LL-6840,Lauren Leatherbury,Consumer
NH-8610,Nicole Hansen,Corporate
TS-11610,Troy Staebel,Consumer
SB-10185,Sarah Brown,Consumer
MD-7350,Maribeth Dona,Consumer
AR-570,Anemone Ratner,Consumer
AB-600,Ann Blume,Corporate
CA-2055,Cathy Armstrong,Home Office
RC-9960,Ryan Crowe,Consumer
CR-2580,Clay Rozendal,Home Office
AF-885,Art Foster,Consumer
GK-4620,Grace Kelly,Corporate
SC-10380,Shahid Collister,Consumer
KW-6570,Kelly Williams,Consumer
PH-8790,Patricia Hirasaki,Home Office
CP-2340,Christine Phan,Corporate
CM-11830,Cari MacIntyre,Corporate
JP-5520,Jeremy Pistek,Consumer
AS-135,Adrian Shami,Home Office
ML-7410,Maris LaWare,Consumer
BV-1245,Benjamin Venier,Corporate
AJ-945,Ashley Jarboe,Consumer
CC-2670,Craig Carreira,Consumer
EH-4005,Erica Hernandez,Home Office
CS-2490,Cindy Schnelling,Corporate
SC-10575,Sonia Cooley,Consumer
MG-7875,Michael Grace,Home Office
AS-45,Aaron Smayling,Corporate
VF-11715,Vicky Freymann,Home Office
LS-7200,Luke Schmidt,Corporate
RW-9540,Rick Wilson,Corporate
ND-8370,Natalie DeCherney,Consumer
LE-6810,Laurel Elliston,Consumer
VG-11790,Vivek Gonzalez,Consumer
BE-1455,Brad Eason,Home Office
DA-3450,Dianna Arnett,Home Office
RA-9915,Russell Applegate,Consumer
LB-6795,Laurel Beltran,Home Office
CS-2130,Chad Sievert,Consumer
KD-6270,Karen Daniels,Consumer
FA-4230,Frank Atkinson,Corporate
CM-2715,Craig Molinari,Corporate
JO-5550,Jesus Ocampo,Home Office
JR-6210,Justin Ritter,Corporate
GG-4650,Greg Guthrie,Corporate
BD-1500,Bradley Drucker,Consumer
NM-8520,Neoma Murray,Consumer
HD-4785,Harold Dahlen,Home Office
MS-7710,Maurice Satty,Consumer
SC-10800,Stuart Calhoun,Consumer
FH-4350,Fred Harton,Consumer
DB-3360,Dennis Bolton,Home Office
DB-3660,Duane Benoit,Consumer
TG-11310,Toby Gnade,Consumer
KD-6345,Katherine Ducich,Consumer
JB-5400,Jennifer Braxton,Corporate
LT-6765,Larry Tron,Consumer
MG-7890,Michael Granlund,Home Office
PS-8760,Pamela Stobb,Consumer
CC-2610,Corey Catlett,Corporate
CT-1995,Carol Triggs,Consumer
LC-7140,Logan Currie,Consumer
JG-5310,Jason Gross,Corporate
RB-9435,Richard Bierner,Consumer
GD-4590,Giulietta Dortch,Corporate
JL-5835,John Lee,Consumer
AB-165,Alan Barnes,Consumer
MC-7605,Matt Connell,Corporate
JL-5505,Jeremy Lonsdale,Consumer
FP-4320,Frank Preis,Consumer
JD-5790,John Dryer,Consumer
SC-10845,Sung Chung,Consumer
SP-10860,Sung Pak,Corporate
AT-735,Annie Thurman,Consumer
BN-1515,Bradley Nguyen,Consumer
BG-1035,Barry Gonzalez,Consumer
KD-6615,Ken Dana,Corporate
EA-4035,Erin Ashbrook,Corporate
MC-8100,Mick Crebagga,Consumer
RC-9825,Roy Collins,Consumer
DK-2985,Darren Koutras,Consumer
ME-8010,Michelle Ellison,Corporate
